avg_recall,avg_precision,avg_mrr,avg_faithfulness,avg_relevance,f1_score,recall@1,recall@5,recall@10,bm25_weight,chunk_size,evaluated_queries,total_queries
0.4,0.08,0.08888888888888888,1.0,0.74,0.13333333333333333,0.0,0.2,0.4,0.2,500,5,5
0.4,0.08,0.09523809523809523,1.0,0.6199999999999999,0.13333333333333333,0.0,0.2,0.4,0.2,1000,5,5
0.4,0.4,0.4,0.9,0.52,0.4000000000000001,0.4,0.4,0.4,0.8,500,5,5
0.4,0.27999999999999997,0.4,1.0,0.74,0.32941176470588235,0.4,0.4,0.4,0.8,1000,5,5
